a ason,aason@domain.com,1,25,4,2
b bson,bbson@domain.com,2,11,8,1
c cson,ccson@domain.com,3,14,,6
d dson,ddson@domain.com,4,20,1,
e eson,eeson@domain.com,5,12,13,26
f fson,ffson@domain.com,6,23,19,3
g gson,ggson@domain.com,7,9,20,
h hson,hhson@domain.com,8,15,2,17
i ison,iison@domain.com,9,7,,
j json,jjson@domain.com,10,22,11,21
k kson,kkson@domain.com,11,2,10,18
l lson,llson@domain.com,12,5,,15
m mson,mmson@domain.com,13,16,5,22
o oson,ooson@domain.com,15,8,17,12
p pson,ppson@domain.com,16,13,26,24
q qson,qqson@domain.com,17,24,15,8
r rson,rrson@domain.com,18,19,14,11
s sson,ssson@domain.com,19,18,6,
t tson,ttson@domain.com,20,4,7,23
u uson,uuson@domain.com,21,26,24,10
w wson,wwson@domain.com,23,6,22,20
x xson,xxson@domain.com,24,17,21,16
y yson,yyson@domain.com,25,1,,14
z zson,zzson@domain.com,26,21,16,5
